file,kb
01_Product_photos/MacBook_Air/Air_13in_M3_2024/mba13-midnight-select-202402.jpg,191
01_Product_photos/MacBook_Air/Air_13in_M3_2024/mba13-silver-select-202402.jpg,188
01_Product_photos/MacBook_Air/Air_13in_M3_2024/mba13-spacegray-select-202402.jpg,188
01_Product_photos/MacBook_Air/Air_13in_M3_2024/mba13-starlight-select-202402.jpg,201
01_Product_photos/MacBook_Air/Air_13in_M4_2025/mba13-midnight-select-202503.jpg,163
01_Product_photos/MacBook_Air/Air_13in_M4_2025/mba13-silver-select-202503.jpg,161
01_Product_photos/MacBook_Air/Air_13in_M4_2025/mba13-skyblue-select-202503.jpg,157
01_Product_photos/MacBook_Air/Air_13in_M4_2025/mba13-starlight-select-202503.jpg,173
01_Product_photos/MacBook_Air/Air_15in_M2_2023/mba15-midnight-select-202306.jpg,223
01_Product_photos/MacBook_Air/Air_15in_M2_2023/mba15-silver-select-202306.jpg,219
01_Product_photos/MacBook_Air/Air_15in_M2_2023/mba15-spacegray-select-202306.jpg,220
01_Product_photos/MacBook_Air/Air_15in_M2_2023/mba15-starlight-select-202306.jpg,235
01_Product_photos/MacBook_Air/Air_15in_M4_2025/mba15-midnight-select-202503.jpg,183
01_Product_photos/MacBook_Air/Air_15in_M4_2025/mba15-silver-select-202503.jpg,181
01_Product_photos/MacBook_Air/Air_15in_M4_2025/mba15-skyblue-select-202503.jpg,176
01_Product_photos/MacBook_Air/Air_15in_M4_2025/mba15-starlight-select-202503.jpg,194
01_Product_photos/MacBook_Air/Air_2018-2020_chassis_(M1_2020_same_design)/macbook-air-gold-select-201810.jpg,98
01_Product_photos/MacBook_Air/Air_2018-2020_chassis_(M1_2020_same_design)/macbook-air-silver-select-201810.jpg,92
01_Product_photos/MacBook_Air/Air_2018-2020_chassis_(M1_2020_same_design)/macbook-air-space-gray-select-201810.jpg,92
01_Product_photos/MacBook_Air/Size_comparison/macbook-air-size-unselect-202601-gallery-1.jpg,295
01_Product_photos/MacBook_Pro/Pro_13in_M1_2020/mbp-silver-select-202011.jpg,200
01_Product_photos/MacBook_Pro/Pro_13in_M1_2020/mbp-spacegray-select-202011.jpg,200
01_Product_photos/MacBook_Pro/Pro_13in_M2_2022/mbp-silver-select-202206.jpg,216
01_Product_photos/MacBook_Pro/Pro_13in_M2_2022/mbp-spacegray-select-202206.jpg,215
01_Product_photos/MacBook_Pro/Pro_14in_16in_M1_Pro_Max_2021/mbp14-silver-select-202110.jpg,334
01_Product_photos/MacBook_Pro/Pro_14in_16in_M1_Pro_Max_2021/mbp14-spacegray-select-202110.jpg,333
01_Product_photos/MacBook_Pro/Pro_14in_16in_M1_Pro_Max_2021/mbp16-silver-select-202110.jpg,389
01_Product_photos/MacBook_Pro/Pro_14in_16in_M1_Pro_Max_2021/mbp16-spacegray-select-202110.jpg,385
01_Product_photos/MacBook_Pro/Pro_14in_16in_M2_Pro_Max_2023/mbp14-silver-select-202301.jpg,292
01_Product_photos/MacBook_Pro/Pro_14in_16in_M2_Pro_Max_2023/mbp14-spacegray-select-202301.jpg,278
01_Product_photos/MacBook_Pro/Pro_14in_16in_M2_Pro_Max_2023/mbp16-silver-select-202301.jpg,289
01_Product_photos/MacBook_Pro/Pro_14in_16in_M2_Pro_Max_2023/mbp16-spacegray-select-202301.jpg,281
01_Product_photos/MacBook_Pro/Pro_14in_16in_M3_family_2023/mbp14-silver-select-202310.jpg,77
01_Product_photos/MacBook_Pro/Pro_14in_16in_M3_family_2023/mbp14-spacegray-select-202310.jpg,78
01_Product_photos/MacBook_Pro/Pro_14in_16in_M3_family_2023/mbp16-silver-select-202310.jpg,81
01_Product_photos/MacBook_Pro/Pro_14in_16in_M3_family_2023/mbp16-spaceblack-select-202310.jpg,82
01_Product_photos/MacBook_Pro/Pro_14in_16in_M4_family_2024/mbp14-silver-cto-hero-202410.jpg,31
01_Product_photos/MacBook_Pro/Pro_14in_16in_M4_family_2024/mbp14-silver-select-202410.jpg,77
01_Product_photos/MacBook_Pro/Pro_14in_16in_M4_family_2024/mbp14-spaceblack-cto-hero-202410.jpg,31
01_Product_photos/MacBook_Pro/Pro_14in_16in_M4_family_2024/mbp14-spaceblack-select-202410.jpg,77
01_Product_photos/MacBook_Pro/Pro_14in_16in_M4_family_2024/mbp16-silver-cto-hero-202410.jpg,57
01_Product_photos/MacBook_Pro/Pro_14in_16in_M4_family_2024/mbp16-silver-select-202410.jpg,80
01_Product_photos/MacBook_Pro/Pro_14in_16in_M4_family_2024/mbp16-spaceblack-cto-hero-202410.jpg,57
01_Product_photos/MacBook_Pro/Pro_14in_16in_M4_family_2024/mbp16-spaceblack-select-202410.jpg,80
02_Colour_overviews_Apple_support/MacBook_Air/2022-macbook-air-m2-colors.png,290
02_Colour_overviews_Apple_support/MacBook_Air/2023-macbook-air-15in-m2-colors.png,372
02_Colour_overviews_Apple_support/MacBook_Air/2024-macbook-air-13in-m3-colors.png,277
02_Colour_overviews_Apple_support/MacBook_Air/2024-macbook-air-15in-m3-colors.png,336
02_Colour_overviews_Apple_support/MacBook_Air/2025-macbook-air-13in-colors.png,307
02_Colour_overviews_Apple_support/MacBook_Air/2025-macbook-air-15in-colors.png,351
02_Colour_overviews_Apple_support/MacBook_Air/macbook-air-13in-m5-colors.png,316
02_Colour_overviews_Apple_support/MacBook_Air/macbook-air-15in-m5-colors.png,363
02_Colour_overviews_Apple_support/MacBook_Air/macbook-air-2020-device.jpg,220
02_Colour_overviews_Apple_support/MacBook_Air/macbook-air-2020-late-device.jpg,149
02_Colour_overviews_Apple_support/MacBook_Pro/macbook-pro-13-in-M2-2022.png,76
02_Colour_overviews_Apple_support/MacBook_Pro/macbook-pro-14in-2023.png,241
02_Colour_overviews_Apple_support/MacBook_Pro/macbook-pro-14in-2024-m4-colors.png,164
02_Colour_overviews_Apple_support/MacBook_Pro/macbook-pro-14in-2024-m4-pro-m4-max-colors.png,164
02_Colour_overviews_Apple_support/MacBook_Pro/macbook-pro-14in-m3-nov-2023-silver-space-gray.png,158
02_Colour_overviews_Apple_support/MacBook_Pro/macbook-pro-14in-m3-pro-m3-max-nov-2023-silver-space-black.png,141
02_Colour_overviews_Apple_support/MacBook_Pro/macbook-pro-14in-m5-colors.png,158
02_Colour_overviews_Apple_support/MacBook_Pro/macbook-pro-14in-m5-pro-m5-max.png,653
02_Colour_overviews_Apple_support/MacBook_Pro/macbook-pro-16in-2023.png,276
02_Colour_overviews_Apple_support/MacBook_Pro/macbook-pro-16in-2024-colors.png,211
02_Colour_overviews_Apple_support/MacBook_Pro/macbook-pro-16in-m3-pro-m3-max-nov-2023-silver-space-black.png,177
02_Colour_overviews_Apple_support/MacBook_Pro/macbook-pro-16in-m5-pro-m5-max.png,830
02_Colour_overviews_Apple_support/MacBook_Pro/macbook-pro-2020-13in-device-3.jpg,165
02_Colour_overviews_Apple_support/MacBook_Pro/macbook-pro-2020-late-13in-device.jpg,83
02_Colour_overviews_Apple_support/MacBook_Pro/macbook-pro-2021-14in.png,73
02_Colour_overviews_Apple_support/MacBook_Pro/macbook-pro-2021-16in.png,84
03_Animation_and_page_images_apple.com/MacBook_Air_page/meta/macbook_air_mx__ez5y0k5yy7au_og.png,233
03_Animation_and_page_images_apple.com/MacBook_Air_page/overview/apple-intelligence/apple_intelligence__bqi8tl754cfm_large_2x.jpg,231
03_Animation_and_page_images_apple.com/MacBook_Air_page/overview/apple-intelligence/apple_intelligence_apps__e3kry61sc9qq_large_2x.jpg,123
03_Animation_and_page_images_apple.com/MacBook_Air_page/overview/apple-intelligence/apple_intelligence_tools__hro2lhup6sae_large_2x.jpg,88
03_Animation_and_page_images_apple.com/MacBook_Air_page/overview/apple-intelligence/privacy_endframe__glun8rmhskmm_large_2x.png,3
03_Animation_and_page_images_apple.com/MacBook_Air_page/overview/apple-intelligence/privacy_startframe__fakgfg6clriq_large_2x.png,3
03_Animation_and_page_images_apple.com/MacBook_Air_page/overview/camera-audio/camera_audio_center_stage_endframe__da2lj4xkh24i_large_2x.jpg,197
03_Animation_and_page_images_apple.com/MacBook_Air_page/overview/camera-audio/camera_audio_center_stage_startframe__chiidgwexxle_large_2x.jpg,190
03_Animation_and_page_images_apple.com/MacBook_Air_page/overview/camera-audio/camera_audio_center_stage_statics_fallback__fhxrxz6sdbe6_large_2x.jpg,244
03_Animation_and_page_images_apple.com/MacBook_Air_page/overview/camera-audio/camera_audio_desk_view__b6w5p0hd0w02_large_2x.jpg,222
03_Animation_and_page_images_apple.com/MacBook_Air_page/overview/connectivity/connectivity_displays__er91a9b94oeq_large_2x.jpg,329
03_Animation_and_page_images_apple.com/MacBook_Air_page/overview/connectivity/connectivity_left__b8ntzos2h22u_large_2x.jpg,35
03_Animation_and_page_images_apple.com/MacBook_Air_page/overview/connectivity/connectivity_right__fxge1xn29amq_large_2x.jpg,42
03_Animation_and_page_images_apple.com/MacBook_Air_page/overview/continuity/calls_texts__b0u08wbgsogi_large_2x.jpg,285
03_Animation_and_page_images_apple.com/MacBook_Air_page/overview/continuity/iphone_mirroring__cl8hvpyj536u_large_2x.jpg,244
03_Animation_and_page_images_apple.com/MacBook_Air_page/overview/continuity/live_activities__filzrno1q2mq_large_2x.jpg,147
03_Animation_and_page_images_apple.com/MacBook_Air_page/overview/continuity/sidecar__cm5mopqo3j0i_large_2x.jpg,380
03_Animation_and_page_images_apple.com/MacBook_Air_page/overview/continuity/universal_clipboard__bsjcpx7i5d5y_large_2x.jpg,400
03_Animation_and_page_images_apple.com/MacBook_Air_page/overview/continuity/universal_clipboard_endframe__d6l3vc6whq4i_large_2x.jpg,342
03_Animation_and_page_images_apple.com/MacBook_Air_page/overview/continuity/universal_clipboard_startframe__e0i66zbl3s02_large_2x.jpg,320
03_Animation_and_page_images_apple.com/MacBook_Air_page/overview/design/color/design_magsafe_midnight__d7pgfcooswmu_large_2x.jpg,49
03_Animation_and_page_images_apple.com/MacBook_Air_page/overview/design/color/design_magsafe_silver__cs8q03j5sve6_large_2x.jpg,56
03_Animation_and_page_images_apple.com/MacBook_Air_page/overview/design/color/design_magsafe_skyblue__gii6y9jn1yai_large_2x.jpg,61
03_Animation_and_page_images_apple.com/MacBook_Air_page/overview/design/color/design_magsafe_starlight__zdcyiyigbpue_large_2x.jpg,60
03_Animation_and_page_images_apple.com/MacBook_Air_page/overview/design/color/design_side_midnight__flnancj2vlme_large_2x.jpg,12
03_Animation_and_page_images_apple.com/MacBook_Air_page/overview/design/color/design_side_silver__bdptx3rkr9ua_large_2x.jpg,9
03_Animation_and_page_images_apple.com/MacBook_Air_page/overview/design/color/design_side_skyblue__dtyt9gw4nfiq_large_2x.jpg,11
03_Animation_and_page_images_apple.com/MacBook_Air_page/overview/design/color/design_side_starlight__b5hvw5hkpjau_large_2x.jpg,10
03_Animation_and_page_images_apple.com/MacBook_Air_page/overview/design/color/design_top_midnight__fvf2p6124tqq_large_2x.jpg,64
03_Animation_and_page_images_apple.com/MacBook_Air_page/overview/design/color/design_top_silver__dcf8hwixw2uu_large_2x.jpg,63
03_Animation_and_page_images_apple.com/MacBook_Air_page/overview/design/color/design_top_skyblue__eepkvlvjzcia_large_2x.jpg,62
03_Animation_and_page_images_apple.com/MacBook_Air_page/overview/design/color/design_top_starlight__dtojfd6ibywm_large_2x.jpg,70
03_Animation_and_page_images_apple.com/MacBook_Air_page/overview/design/design_hero_static__e56c1v71mr6u_large_2x.png,2415
03_Animation_and_page_images_apple.com/MacBook_Air_page/overview/design/gallery/design_battery__equc1smmk2gm_large_2x.jpg,189
03_Animation_and_page_images_apple.com/MacBook_Air_page/overview/design/gallery/design_display__6gsewglvvtee_large_2x.jpg,398
03_Animation_and_page_images_apple.com/MacBook_Air_page/overview/design/gallery/design_portable__fclorhedjziq_large_2x.jpg,273
03_Animation_and_page_images_apple.com/MacBook_Air_page/overview/design/sizes/design_sizes_endframe__ckfqlo8f44eq_large_2x.jpg,44
03_Animation_and_page_images_apple.com/MacBook_Air_page/overview/display/boc_icon_color__f3pamj8p26qi_large_2x.png,4
03_Animation_and_page_images_apple.com/MacBook_Air_page/overview/display/display_hero__fiig28r0yq2q_large_2x.jpg,661
03_Animation_and_page_images_apple.com/MacBook_Air_page/overview/hero/hero_endframe__c67cz35iy9me_large_2x.png,981
03_Animation_and_page_images_apple.com/MacBook_Air_page/overview/hero/hero_startframe__c0rhv2ultfau_large_2x.png,129
03_Animation_and_page_images_apple.com/MacBook_Air_page/overview/hero/hero_static__c9sislzzicq6_large_2x.png,986
03_Animation_and_page_images_apple.com/MacBook_Air_page/overview/highlights/ai__envg2xtai52e_large_2x.jpg,119
03_Animation_and_page_images_apple.com/MacBook_Air_page/overview/highlights/battery__geuvrre3336u_large_2x.jpg,199
03_Animation_and_page_images_apple.com/MacBook_Air_page/overview/highlights/continuity__12mxpklct2qy_large_2x.jpg,211
03_Animation_and_page_images_apple.com/MacBook_Air_page/overview/highlights/mx_chip__c9p5me36dgae_large_2x.jpg,37
03_Animation_and_page_images_apple.com/MacBook_Air_page/overview/highlights/mx_chip_endframe__bjtjjh2urgoi_large_2x.jpg,33
03_Animation_and_page_images_apple.com/MacBook_Air_page/overview/highlights/mx_chip_startframe__b7mj9l0922ya_large_2x.jpg,37
03_Animation_and_page_images_apple.com/MacBook_Air_page/overview/highlights/spotlight_endframe__dvn1acr5g9ua_large_2x.jpg,115
03_Animation_and_page_images_apple.com/MacBook_Air_page/overview/highlights/spotlight_startframe__b8kzfuxgzg2q_large_2x.jpg,102
03_Animation_and_page_images_apple.com/MacBook_Air_page/overview/highlights/spotlight_static__bonibu9vyhle_large_2x.jpg,129
03_Animation_and_page_images_apple.com/MacBook_Air_page/overview/highlights/storage__ycmn2gj0yj66_large_2x.jpg,144
03_Animation_and_page_images_apple.com/MacBook_Air_page/overview/macos/gallery/controls__eyrg2odn4i6a_large_2x.jpg,83
03_Animation_and_page_images_apple.com/MacBook_Air_page/overview/macos/gallery/liquid_glass__c7gr0z2th0uq_large_2x.jpg,133
03_Animation_and_page_images_apple.com/MacBook_Air_page/overview/macos/gallery/live_translation__dvjakvi30jki_large_2x.jpg,60
03_Animation_and_page_images_apple.com/MacBook_Air_page/overview/macos/gallery/spotlight__eoy9yunfmpaq_large_2x.jpg,131
03_Animation_and_page_images_apple.com/MacBook_Air_page/overview/macos/gallery/spotlight_endframe__dvn1acr5g9ua_large_2x.jpg,112
03_Animation_and_page_images_apple.com/MacBook_Air_page/overview/macos/gallery/spotlight_startframe__b8kzfuxgzg2q_large_2x.jpg,97
03_Animation_and_page_images_apple.com/MacBook_Air_page/overview/macos/macos_hero__et3dsrq64iwm_large_2x.jpg,461
03_Animation_and_page_images_apple.com/MacBook_Air_page/overview/performance/modal/modal_hero__dxdbuechqpea_large_2x.jpg,353
03_Animation_and_page_images_apple.com/MacBook_Air_page/overview/performance/performance_battery__46bh380ljkym_large_2x.jpg,342
03_Animation_and_page_images_apple.com/MacBook_Air_page/overview/performance/performance_hero_static__fmu2opq0522q_large_2x.jpg,380
03_Animation_and_page_images_apple.com/MacBook_Air_page/overview/performance/performance_mx__b6imot8vkguu_large_2x.jpg,6
03_Animation_and_page_images_apple.com/MacBook_Air_page/overview/routers/accessories__fbw0ne5ig5iu_large_2x.jpg,195
03_Animation_and_page_images_apple.com/MacBook_Air_page/overview/routers/acmi__exv1gmpbb5m6_large_2x.jpg,20
03_Animation_and_page_images_apple.com/MacBook_Air_page/overview/routers/apple_upgrade_mac__cpuaq405qw76_large_2x.jpg,53
03_Animation_and_page_images_apple.com/MacBook_Air_page/overview/routers/business__otlt2eyu8hmy_large_2x.jpg,360
03_Animation_and_page_images_apple.com/MacBook_Air_page/overview/routers/compare_mba_13_15__caznvrb61zyu_large_2x.png,115
03_Animation_and_page_images_apple.com/MacBook_Air_page/overview/routers/compare_mbp_14_16__f7ovwhzitq6i_large_2x.png,55
03_Animation_and_page_images_apple.com/MacBook_Air_page/overview/routers/education__depfgxhrs2oi_large_2x.jpg,251
03_Animation_and_page_images_apple.com/MacBook_Air_page/overview/routers/education_pricing_v2__eudmr545zjwy_large_2x.png,872
03_Animation_and_page_images_apple.com/MacBook_Air_page/overview/routers/tradein__bi5ruhurwe82_large_2x.jpg,57
03_Animation_and_page_images_apple.com/MacBook_Air_page/overview/security/icon_touch_id__fwn8c1s6m2i6_large_2x.png,15
03_Animation_and_page_images_apple.com/MacBook_Air_page/overview/security/magic_keyboard__cs7rk0m14pkm_large_2x.jpg,215
03_Animation_and_page_images_apple.com/MacBook_Air_page/overview/switchers/new_icloud__fj0y9epvmju6_large_2x.jpg,36
03_Animation_and_page_images_apple.com/MacBook_Air_page/overview/switchers/new_mac_can_take_it__fivaqh94qmuu_large_2x.jpg,29
03_Animation_and_page_images_apple.com/MacBook_Air_page/overview/switchers/new_mdt__eev090r5fx26_large_2x.jpg,9
03_Animation_and_page_images_apple.com/MacBook_Air_page/overview/switchers/new_migration__f0whf1bqn2ie_large_2x.jpg,14
03_Animation_and_page_images_apple.com/MacBook_Air_page/overview/switchers/new_powerful_apps__ejcm2qquuemq_large_2x.jpg,33
03_Animation_and_page_images_apple.com/MacBook_Air_page/overview/upgraders/upgraders_ai_performance__bi79tmoqocnm_large_2x.jpg,106
03_Animation_and_page_images_apple.com/MacBook_Air_page/overview/upgraders/upgraders_colors__cryo13kaed4y_large_2x.jpg,29
03_Animation_and_page_images_apple.com/MacBook_Air_page/overview/upgraders/upgraders_icon_apple_intelligence__cjr56zdj5s5e_large_2x.png,5
03_Animation_and_page_images_apple.com/MacBook_Air_page/overview/upgraders/upgraders_icon_center_stage__d7svw0fyla4i_large_2x.png,13
03_Animation_and_page_images_apple.com/MacBook_Air_page/overview/upgraders/upgraders_icon_wifi__enlvazxxrro2_large_2x.png,11
03_Animation_and_page_images_apple.com/MacBook_Air_page/overview/upgraders/upgraders_logo_tradein__fibulu9001m6_large_2x.png,4
03_Animation_and_page_images_apple.com/MacBook_Air_page/overview/upgraders/upgraders_retina_display__ca9814lmt3qu_large_2x.jpg,147
03_Animation_and_page_images_apple.com/MacBook_Air_page/overview/upgraders/upgraders_retina_display_uncropped__gixvshcihtme_large_2x.jpg,109
03_Animation_and_page_images_apple.com/MacBook_Air_page/overview/upgraders/upgraders_tahoe__d367ztxka84m_large_2x.jpg,134
03_Animation_and_page_images_apple.com/MacBook_Pro_page/meta/macbook-pro__difvbgz1plsi_og.png,139
03_Animation_and_page_images_apple.com/MacBook_Pro_page/overview/apps/apps_3d__c1afou0tu5yu_large_2x.jpg,556
03_Animation_and_page_images_apple.com/MacBook_Pro_page/overview/apps/apps_business__c2y64cyjtlqq_large_2x.jpg,332
03_Animation_and_page_images_apple.com/MacBook_Pro_page/overview/apps/apps_coding__c9v42iv3gioi_large_2x.jpg,407
03_Animation_and_page_images_apple.com/MacBook_Pro_page/overview/apps/apps_design__dsxdvaoxgtme_large_2x.jpg,360
03_Animation_and_page_images_apple.com/MacBook_Pro_page/overview/apps/apps_gaming__696h0c9u39ee_large_2x.jpg,402
03_Animation_and_page_images_apple.com/MacBook_Pro_page/overview/apps/apps_music__b4h6vkmsa77m_large_2x.jpg,503
03_Animation_and_page_images_apple.com/MacBook_Pro_page/overview/apps/apps_photos__bfsqjiifmbzm_large_2x.jpg,502
03_Animation_and_page_images_apple.com/MacBook_Pro_page/overview/apps/apps_stem__f3h1fuwt7q6i_large_2x.jpg,413
03_Animation_and_page_images_apple.com/MacBook_Pro_page/overview/apps/apps_video__fiaqrf3pm7yq_large_2x.jpg,272
03_Animation_and_page_images_apple.com/MacBook_Pro_page/overview/artificial-intelligence/ai_3rd_party__dn3s94aw71oy_large_2x.jpg,177
03_Animation_and_page_images_apple.com/MacBook_Pro_page/overview/artificial-intelligence/ai_apple_intelligence_mac__fewqec0vfx2e_large_2x.jpg,248
03_Animation_and_page_images_apple.com/MacBook_Pro_page/overview/artificial-intelligence/ai_features_endframe__eo36b3vv85aq_large_2x.jpg,142
03_Animation_and_page_images_apple.com/MacBook_Pro_page/overview/artificial-intelligence/ai_features_startframe__eqw6oc0it8a6_large_2x.jpg,139
03_Animation_and_page_images_apple.com/MacBook_Pro_page/overview/artificial-intelligence/ai_privacy_endframe__fmhipxrw7wii_large_2x.jpg,4
03_Animation_and_page_images_apple.com/MacBook_Pro_page/overview/artificial-intelligence/ai_privacy_startframe__u3zgjx732peq_large_2x.jpg,4
03_Animation_and_page_images_apple.com/MacBook_Pro_page/overview/battery/battery_hero__db4y37bs7cmu_large_2x.jpg,772
03_Animation_and_page_images_apple.com/MacBook_Pro_page/overview/battery/battery_hero__db4y37bs7cmu_xlarge.jpg,645
03_Animation_and_page_images_apple.com/MacBook_Pro_page/overview/battery/battery_hero__db4y37bs7cmu_xlarge_2x.jpg,1803
03_Animation_and_page_images_apple.com/MacBook_Pro_page/overview/camera/camera_center_stage_endframe__fq6b8d6t7maa_large_2x.jpg,306
03_Animation_and_page_images_apple.com/MacBook_Pro_page/overview/camera/camera_center_stage_startframe__ev0mtdvnsaie_large_2x.jpg,286
03_Animation_and_page_images_apple.com/MacBook_Pro_page/overview/camera/camera_desk_view__gi4zp7qggl2e_large_2x.jpg,300
03_Animation_and_page_images_apple.com/MacBook_Pro_page/overview/connectivity/connections_hw_1__dx8464ggehsi_large_2x.jpg,211
03_Animation_and_page_images_apple.com/MacBook_Pro_page/overview/connectivity/connections_hw_2__eqo5i1a1v4ya_large_2x.jpg,211
03_Animation_and_page_images_apple.com/MacBook_Pro_page/overview/continuity/continuity_handoff__ehqernr0cj6u_large_2x.jpg,314
03_Animation_and_page_images_apple.com/MacBook_Pro_page/overview/continuity/continuity_iphone_mirroring__buromrsyzq6a_large_2x.jpg,265
03_Animation_and_page_images_apple.com/MacBook_Pro_page/overview/continuity/continuity_live_activities__do52sc8c3hkm_large_2x.jpg,158
03_Animation_and_page_images_apple.com/MacBook_Pro_page/overview/continuity/continuity_phone_app__c8shwwby47ki_large_2x.jpg,291
03_Animation_and_page_images_apple.com/MacBook_Pro_page/overview/continuity/continuity_universal_clipboard__fmic8zmwi0ii_large_2x.jpg,414
03_Animation_and_page_images_apple.com/MacBook_Pro_page/overview/contrast/macbook_air_13_15__ffqiujreto6e_large_2x.png,272
03_Animation_and_page_images_apple.com/MacBook_Pro_page/overview/contrast/macbook_pro_14_16__ns1ipedt40qm_large_2x.png,146
03_Animation_and_page_images_apple.com/MacBook_Pro_page/overview/display/display_edr__di5lgyrftwqe_large_2x.jpg,277
03_Animation_and_page_images_apple.com/MacBook_Pro_page/overview/display/display_hero__c32k5z50p94y_large_2x.jpg,1535
03_Animation_and_page_images_apple.com/MacBook_Pro_page/overview/display/display_multiple__e043gpvss7gy_large_2x.jpg,230
03_Animation_and_page_images_apple.com/MacBook_Pro_page/overview/display/display_nano_texture__d52wr5hrzcae_large_2x.jpg,337
03_Animation_and_page_images_apple.com/MacBook_Pro_page/overview/display/display_promotion__gnu8jh3d5g6e_large_2x.jpg,67
03_Animation_and_page_images_apple.com/MacBook_Pro_page/overview/highlights/highlights_ai__c1tao33ompea_large_2x.jpg,278
03_Animation_and_page_images_apple.com/MacBook_Pro_page/overview/highlights/highlights_battery__d7riytopt742_large_2x.jpg,369
03_Animation_and_page_images_apple.com/MacBook_Pro_page/overview/highlights/highlights_chip_endframe__dp975gwqppw2_large_2x.jpg,109
03_Animation_and_page_images_apple.com/MacBook_Pro_page/overview/highlights/highlights_chip_startframe__gbs8om3jrhim_large_2x.jpg,109
03_Animation_and_page_images_apple.com/MacBook_Pro_page/overview/highlights/highlights_liquid_glass__fup1pqvqx866_large_2x.jpg,514
03_Animation_and_page_images_apple.com/MacBook_Pro_page/overview/highlights/highlights_mac_iphone__cxajkjnjbx26_large_2x.jpg,302
03_Animation_and_page_images_apple.com/MacBook_Pro_page/overview/incentive/boc_qr_code__cuh90x1rsngy_large_2x.png,77
03_Animation_and_page_images_apple.com/MacBook_Pro_page/overview/incentive/incentive_apple_card__vspttb4lbdee_large_2x.jpg,14
03_Animation_and_page_images_apple.com/MacBook_Pro_page/overview/incentive/incentive_apple_store__gapsphlg8cuq_large_2x.jpg,19
03_Animation_and_page_images_apple.com/MacBook_Pro_page/overview/incentive/incentive_apple_upgrade_mac__fpfu41u6n0uy_large_2x.jpg,17
03_Animation_and_page_images_apple.com/MacBook_Pro_page/overview/incentive/incentive_customize__engu79ixnnsm_large_2x.jpg,51
03_Animation_and_page_images_apple.com/MacBook_Pro_page/overview/incentive/incentive_delivery__c6v9ljz4i6gm_large_2x.jpg,21
03_Animation_and_page_images_apple.com/MacBook_Pro_page/overview/incentive/incentive_education_v2__my22jkxq16i6_large_2x.jpg,39
03_Animation_and_page_images_apple.com/MacBook_Pro_page/overview/incentive/incentive_setup__dc7wslfpu9ci_large_2x.jpg,47
03_Animation_and_page_images_apple.com/MacBook_Pro_page/overview/incentive/incentive_support__d57hircus7au_large_2x.jpg,34
03_Animation_and_page_images_apple.com/MacBook_Pro_page/overview/incentive/incentive_tradein__oa4kwf0yjqqu_large_2x.jpg,32
03_Animation_and_page_images_apple.com/MacBook_Pro_page/overview/macos/macos_hero_endframe__bidsbr8kwfma_large_2x.jpg,429
03_Animation_and_page_images_apple.com/MacBook_Pro_page/overview/macos/macos_hero_startframe__by51tsiyzaj6_large_2x.jpg,430
03_Animation_and_page_images_apple.com/MacBook_Pro_page/overview/macos/macos_liquid_glass__e9v21xvg0pme_large_2x.jpg,134
03_Animation_and_page_images_apple.com/MacBook_Pro_page/overview/macos/macos_live_translation__boribuw522he_large_2x.jpg,64
03_Animation_and_page_images_apple.com/MacBook_Pro_page/overview/macos/macos_shortcuts__bebaivi6z43m_large_2x.jpg,112
03_Animation_and_page_images_apple.com/MacBook_Pro_page/overview/macos/spotlight_endframe__bbft03aow5xu_large_2x.jpg,93
03_Animation_and_page_images_apple.com/MacBook_Pro_page/overview/macos/spotlight_startframe__ca44rwdmv78i_large_2x.jpg,74
03_Animation_and_page_images_apple.com/MacBook_Pro_page/overview/macos/spotlight_static__d7lkt7vcv8k2_large_2x.jpg,104
03_Animation_and_page_images_apple.com/MacBook_Pro_page/overview/performance/modal/performance_mx__bgnxho6wlxv6_large_2x.jpg,381
03_Animation_and_page_images_apple.com/MacBook_Pro_page/overview/performance/modal/performance_mx_max__get38flolaye_large_2x.jpg,451
03_Animation_and_page_images_apple.com/MacBook_Pro_page/overview/performance/modal/performance_mx_pro__e4n5xwu3fwgi_large_2x.jpg,910
03_Animation_and_page_images_apple.com/MacBook_Pro_page/overview/performance/performance_gpu_endframe__edf9cua4knau_large_2x.jpg,557
03_Animation_and_page_images_apple.com/MacBook_Pro_page/overview/performance/performance_gpu_hw__c61vlf63li82_large_2x.jpg,45
03_Animation_and_page_images_apple.com/MacBook_Pro_page/overview/performance/performance_gpu_startframe__bni0gnf478wi_large_2x.jpg,549
03_Animation_and_page_images_apple.com/MacBook_Pro_page/overview/performance/performance_icon_mxmax__d4y8kfhkz5yu_large_2x.png,3
03_Animation_and_page_images_apple.com/MacBook_Pro_page/overview/performance/performance_icon_mxpro__e4jcgw2wa3wy_large_2x.png,3
03_Animation_and_page_images_apple.com/MacBook_Pro_page/overview/performance/performance_mbp_hw__dsz2n8vqr16q_large_2x.jpg,52
03_Animation_and_page_images_apple.com/MacBook_Pro_page/overview/performance/performance_mx_chip_background_endframe__bs7veukzx7yu_large_2x.jpg,1109
03_Animation_and_page_images_apple.com/MacBook_Pro_page/overview/performance/performance_mx_chip_background_startframe__mv8hahhmvfmi_large_2x.jpg,1470
03_Animation_and_page_images_apple.com/MacBook_Pro_page/overview/performance/performance_mx_screen__gfbdz8zpftu2_large_2x.jpg,403
03_Animation_and_page_images_apple.com/MacBook_Pro_page/overview/performance/performance_mxmax_screen__esvj86422z2a_large_2x.jpg,550
03_Animation_and_page_images_apple.com/MacBook_Pro_page/overview/performance/performance_mxpro_screen__eoolslwveeqa_large_2x.jpg,396
03_Animation_and_page_images_apple.com/MacBook_Pro_page/overview/product-viewer/pv_audio_endframe__ee95uehal7sm_large_2x.jpg,455
03_Animation_and_page_images_apple.com/MacBook_Pro_page/overview/product-viewer/pv_audio_startframe__fww1g0h7gn22_large_2x.jpg,241
03_Animation_and_page_images_apple.com/MacBook_Pro_page/overview/product-viewer/pv_camera_endframe__3d423kiwog2y_large_2x.jpg,423
03_Animation_and_page_images_apple.com/MacBook_Pro_page/overview/product-viewer/pv_camera_startframe__djso3ghzica6_large_2x.jpg,397
03_Animation_and_page_images_apple.com/MacBook_Pro_page/overview/product-viewer/pv_colors_silver__doa20s4tupaq_large_2x.jpg,152
03_Animation_and_page_images_apple.com/MacBook_Pro_page/overview/product-viewer/pv_colors_spaceblack__dwfpyrbaf4cy_large_2x.jpg,89
03_Animation_and_page_images_apple.com/MacBook_Pro_page/overview/product-viewer/pv_connectivity__27f84rcgb42e_large_2x.jpg,1063
03_Animation_and_page_images_apple.com/MacBook_Pro_page/overview/product-viewer/pv_display__fv0jzlzaak2u_large_2x.jpg,288
03_Animation_and_page_images_apple.com/MacBook_Pro_page/overview/product-viewer/pv_durable__ee5bejbfpis2_large_2x.jpg,1001
03_Animation_and_page_images_apple.com/MacBook_Pro_page/overview/product-viewer/pv_hero_endframe__gc89p7dw1syi_large_2x.jpg,122
03_Animation_and_page_images_apple.com/MacBook_Pro_page/overview/product-viewer/pv_hero_startframe__edowrcgd860y_large_2x.jpg,63
03_Animation_and_page_images_apple.com/MacBook_Pro_page/overview/product-viewer/pv_sizes_endframe__eydbew72wkom_large_2x.jpg,54
03_Animation_and_page_images_apple.com/MacBook_Pro_page/overview/product-viewer/pv_sizes_startframe__frjeunw0swy2_large_2x.jpg,131
03_Animation_and_page_images_apple.com/MacBook_Pro_page/overview/security/security_hero__f5ly2jycveq2_large_2x.jpg,299
03_Animation_and_page_images_apple.com/MacBook_Pro_page/overview/security/security_icon_findmy__b5zy7yfknt36_large_2x.png,6
03_Animation_and_page_images_apple.com/MacBook_Pro_page/overview/security/security_icon_privacy__da5qqgfgjfo2_large_2x.png,3
03_Animation_and_page_images_apple.com/MacBook_Pro_page/overview/security/security_icon_touchid__m8vd41ts2dm6_large_2x.png,7
03_Animation_and_page_images_apple.com/MacBook_Pro_page/overview/upgraders/icon_ai_chip__f6tpwpjat5e2_large_2x.png,6
03_Animation_and_page_images_apple.com/MacBook_Pro_page/overview/upgraders/icon_battery_life__gmigquzgbpei_large_2x.png,10
03_Animation_and_page_images_apple.com/MacBook_Pro_page/overview/upgraders/icon_faster_charging__u8b4lqmdfz2y_large_2x.png,8
03_Animation_and_page_images_apple.com/MacBook_Pro_page/overview/upgraders/icon_gaming__fchpuzr096ai_large_2x.png,19
03_Animation_and_page_images_apple.com/MacBook_Pro_page/overview/upgraders/icon_thunderbolt__drmg7oxg74gi_large_2x.png,5
03_Animation_and_page_images_apple.com/MacBook_Pro_page/overview/upgraders/icon_xdr_display__9ctvog26d3mm_large_2x.png,17
03_Animation_and_page_images_apple.com/MacBook_Pro_page/overview/upgraders/logo_trade_in__ca0u2gnm0gya_large_2x.jpg,5
03_Animation_and_page_images_apple.com/MacBook_Pro_page/overview/welcome/hero_endframe__fwev9ebh42mq_large_2x.jpg,162
03_Animation_and_page_images_apple.com/MacBook_Pro_page/overview/welcome/hero_endframe__fwev9ebh42mq_xlarge.jpg,87
03_Animation_and_page_images_apple.com/MacBook_Pro_page/overview/welcome/hero_endframe__fwev9ebh42mq_xlarge_2x.jpg,222
03_Animation_and_page_images_apple.com/MacBook_Pro_page/overview/welcome/hero_startframe__ek0dqbh61vau_large_2x.jpg,174
03_Animation_and_page_images_apple.com/MacBook_Pro_page/overview/welcome/hero_startframe__ek0dqbh61vau_xlarge.jpg,97
03_Animation_and_page_images_apple.com/MacBook_Pro_page/overview/welcome/hero_startframe__ek0dqbh61vau_xlarge_2x.jpg,212
READ_ME.txt,1
