folder,model,file
iPhone_11,iphone-11-pro-max,iphone-11-pro-max_gold_view1.jpg
iPhone_11,iphone-11-pro-max,iphone-11-pro-max_gold_view3.jpg
iPhone_11,iphone-11-pro-max,iphone-11-pro-max_midnight-green_view1.jpg
iPhone_11,iphone-11-pro-max,iphone-11-pro-max_midnight-green_view2.jpg
iPhone_11,iphone-11-pro-max,iphone-11-pro-max_midnight-green_view3.jpg
iPhone_11,iphone-11-pro-max,iphone-11-pro-max_silver_view1.jpg
iPhone_11,iphone-11-pro-max,iphone-11-pro-max_silver_view3.jpg
iPhone_11,iphone-11-pro-max,iphone-11-pro-max_space_view1.jpg
iPhone_11,iphone-11-pro-max,iphone-11-pro-max_space_view3.jpg
iPhone_11,iphone-11-pro,iphone-11-pro_gold_view1.jpg
iPhone_11,iphone-11-pro,iphone-11-pro_gold_view3.jpg
iPhone_11,iphone-11-pro,iphone-11-pro_midnight-green_view1.jpg
iPhone_11,iphone-11-pro,iphone-11-pro_midnight-green_view2.jpg
iPhone_11,iphone-11-pro,iphone-11-pro_midnight-green_view3.jpg
iPhone_11,iphone-11-pro,iphone-11-pro_silver_view1.jpg
iPhone_11,iphone-11-pro,iphone-11-pro_silver_view3.jpg
iPhone_11,iphone-11-pro,iphone-11-pro_space_view1.jpg
iPhone_11,iphone-11-pro,iphone-11-pro_space_view3.jpg
iPhone_12,iphone-12-mini,iphone-12-mini_black_view1.jpg
iPhone_12,iphone-12-mini,iphone-12-mini_black_view2.jpg
iPhone_12,iphone-12-mini,iphone-12-mini_black_view3.jpg
iPhone_12,iphone-12-mini,iphone-12-mini_blue_view1.jpg
iPhone_12,iphone-12-mini,iphone-12-mini_blue_view2.jpg
iPhone_12,iphone-12-mini,iphone-12-mini_blue_view3.jpg
iPhone_12,iphone-12-mini,iphone-12-mini_green_view1.jpg
iPhone_12,iphone-12-mini,iphone-12-mini_green_view2.jpg
iPhone_12,iphone-12-mini,iphone-12-mini_green_view3.jpg
iPhone_12,iphone-12-mini,iphone-12-mini_purple_view1.jpg
iPhone_12,iphone-12-mini,iphone-12-mini_purple_view2.jpg
iPhone_12,iphone-12-mini,iphone-12-mini_purple_view3.jpg
iPhone_12,iphone-12-mini,iphone-12-mini_red_view1.jpg
iPhone_12,iphone-12-mini,iphone-12-mini_red_view2.jpg
iPhone_12,iphone-12-mini,iphone-12-mini_red_view3.jpg
iPhone_12,iphone-12-mini,iphone-12-mini_white_view1.jpg
iPhone_12,iphone-12-mini,iphone-12-mini_white_view2.jpg
iPhone_12,iphone-12-mini,iphone-12-mini_white_view3.jpg
iPhone_12,iphone-12,iphone-12_black_view1.jpg
iPhone_12,iphone-12,iphone-12_black_view2.jpg
iPhone_12,iphone-12,iphone-12_black_view3.jpg
iPhone_12,iphone-12,iphone-12_blue_view1.jpg
iPhone_12,iphone-12,iphone-12_blue_view2.jpg
iPhone_12,iphone-12,iphone-12_blue_view3.jpg
iPhone_12,iphone-12,iphone-12_green_view1.jpg
iPhone_12,iphone-12,iphone-12_green_view2.jpg
iPhone_12,iphone-12,iphone-12_green_view3.jpg
iPhone_12,iphone-12,iphone-12_purple_view1.jpg
iPhone_12,iphone-12,iphone-12_purple_view2.jpg
iPhone_12,iphone-12,iphone-12_purple_view3.jpg
iPhone_12,iphone-12,iphone-12_red_view1.jpg
iPhone_12,iphone-12,iphone-12_red_view2.jpg
iPhone_12,iphone-12,iphone-12_red_view3.jpg
iPhone_12,iphone-12,iphone-12_white_view1.jpg
iPhone_12,iphone-12,iphone-12_white_view2.jpg
iPhone_12,iphone-12,iphone-12_white_view3.jpg
iPhone_13,iphone-13-mini,iphone-13-mini_blue_view1.jpg
iPhone_13,iphone-13-mini,iphone-13-mini_blue_view2.jpg
iPhone_13,iphone-13-mini,iphone-13-mini_blue_view3.jpg
iPhone_13,iphone-13-mini,iphone-13-mini_green_view1.jpg
iPhone_13,iphone-13-mini,iphone-13-mini_green_view2.jpg
iPhone_13,iphone-13-mini,iphone-13-mini_green_view3.jpg
iPhone_13,iphone-13-mini,iphone-13-mini_midnight_view1.jpg
iPhone_13,iphone-13-mini,iphone-13-mini_midnight_view2.jpg
iPhone_13,iphone-13-mini,iphone-13-mini_midnight_view3.jpg
iPhone_13,iphone-13-mini,iphone-13-mini_pink_view1.jpg
iPhone_13,iphone-13-mini,iphone-13-mini_pink_view2.jpg
iPhone_13,iphone-13-mini,iphone-13-mini_pink_view3.jpg
iPhone_13,iphone-13-mini,iphone-13-mini_product-red_view1.jpg
iPhone_13,iphone-13-mini,iphone-13-mini_product-red_view2.jpg
iPhone_13,iphone-13-mini,iphone-13-mini_product-red_view3.jpg
iPhone_13,iphone-13-mini,iphone-13-mini_starlight_view1.jpg
iPhone_13,iphone-13-mini,iphone-13-mini_starlight_view2.jpg
iPhone_13,iphone-13-mini,iphone-13-mini_starlight_view3.jpg
iPhone_13,iphone-13-pro-max,iphone-13-pro-max_gold_view1.jpg
iPhone_13,iphone-13-pro-max,iphone-13-pro-max_gold_view2.jpg
iPhone_13,iphone-13-pro-max,iphone-13-pro-max_gold_view3.jpg
iPhone_13,iphone-13-pro-max,iphone-13-pro-max_graphite_view1.jpg
iPhone_13,iphone-13-pro-max,iphone-13-pro-max_graphite_view2.jpg
iPhone_13,iphone-13-pro-max,iphone-13-pro-max_graphite_view3.jpg
iPhone_13,iphone-13-pro-max,iphone-13-pro-max_silver_view1.jpg
iPhone_13,iphone-13-pro-max,iphone-13-pro-max_silver_view2.jpg
iPhone_13,iphone-13-pro-max,iphone-13-pro-max_silver_view3.jpg
iPhone_13,iphone-13-pro,iphone-13-pro_gold_view1.jpg
iPhone_13,iphone-13-pro,iphone-13-pro_gold_view2.jpg
iPhone_13,iphone-13-pro,iphone-13-pro_gold_view3.jpg
iPhone_13,iphone-13-pro,iphone-13-pro_graphite_view1.jpg
iPhone_13,iphone-13-pro,iphone-13-pro_graphite_view2.jpg
iPhone_13,iphone-13-pro,iphone-13-pro_graphite_view3.jpg
iPhone_13,iphone-13-pro,iphone-13-pro_silver_view1.jpg
iPhone_13,iphone-13-pro,iphone-13-pro_silver_view2.jpg
iPhone_13,iphone-13-pro,iphone-13-pro_silver_view3.jpg
iPhone_13,iphone-13,iphone-13_blue_view1.jpg
iPhone_13,iphone-13,iphone-13_blue_view2.jpg
iPhone_13,iphone-13,iphone-13_blue_view3.jpg
iPhone_13,iphone-13,iphone-13_green_view1.jpg
iPhone_13,iphone-13,iphone-13_green_view2.jpg
iPhone_13,iphone-13,iphone-13_green_view3.jpg
iPhone_13,iphone-13,iphone-13_midnight_view1.jpg
iPhone_13,iphone-13,iphone-13_midnight_view2.jpg
iPhone_13,iphone-13,iphone-13_midnight_view3.jpg
iPhone_13,iphone-13,iphone-13_pink_view1.jpg
iPhone_13,iphone-13,iphone-13_pink_view2.jpg
iPhone_13,iphone-13,iphone-13_pink_view3.jpg
iPhone_13,iphone-13,iphone-13_product-red_view1.jpg
iPhone_13,iphone-13,iphone-13_product-red_view2.jpg
iPhone_13,iphone-13,iphone-13_product-red_view3.jpg
iPhone_13,iphone-13,iphone-13_starlight_view1.jpg
iPhone_13,iphone-13,iphone-13_starlight_view2.jpg
iPhone_13,iphone-13,iphone-13_starlight_view3.jpg
iPhone_14,iphone-14-plus,iphone-14-plus_blue_view1.jpg
iPhone_14,iphone-14-plus,iphone-14-plus_blue_view2.jpg
iPhone_14,iphone-14-plus,iphone-14-plus_blue_view3.jpg
iPhone_14,iphone-14-plus,iphone-14-plus_midnight_view1.jpg
iPhone_14,iphone-14-plus,iphone-14-plus_midnight_view2.jpg
iPhone_14,iphone-14-plus,iphone-14-plus_midnight_view3.jpg
iPhone_14,iphone-14-plus,iphone-14-plus_purple_view1.jpg
iPhone_14,iphone-14-plus,iphone-14-plus_purple_view2.jpg
iPhone_14,iphone-14-plus,iphone-14-plus_purple_view3.jpg
iPhone_14,iphone-14-plus,iphone-14-plus_red_view1.jpg
iPhone_14,iphone-14-plus,iphone-14-plus_red_view2.jpg
iPhone_14,iphone-14-plus,iphone-14-plus_red_view3.jpg
iPhone_14,iphone-14-plus,iphone-14-plus_starlight_view1.jpg
iPhone_14,iphone-14-plus,iphone-14-plus_starlight_view2.jpg
iPhone_14,iphone-14-plus,iphone-14-plus_starlight_view3.jpg
iPhone_14,iphone-14-plus,iphone-14-plus_yellow_view1.jpg
iPhone_14,iphone-14-plus,iphone-14-plus_yellow_view2.jpg
iPhone_14,iphone-14-plus,iphone-14-plus_yellow_view3.jpg
iPhone_14,iphone-14-pro-max,iphone-14-pro-max_deeppurple_view1.jpg
iPhone_14,iphone-14-pro-max,iphone-14-pro-max_deeppurple_view2.jpg
iPhone_14,iphone-14-pro-max,iphone-14-pro-max_deeppurple_view3.jpg
iPhone_14,iphone-14-pro-max,iphone-14-pro-max_gold_view1.jpg
iPhone_14,iphone-14-pro-max,iphone-14-pro-max_gold_view2.jpg
iPhone_14,iphone-14-pro-max,iphone-14-pro-max_gold_view3.jpg
iPhone_14,iphone-14-pro-max,iphone-14-pro-max_silver_view1.jpg
iPhone_14,iphone-14-pro-max,iphone-14-pro-max_silver_view2.jpg
iPhone_14,iphone-14-pro-max,iphone-14-pro-max_silver_view3.jpg
iPhone_14,iphone-14-pro-max,iphone-14-pro-max_spaceblack_view1.jpg
iPhone_14,iphone-14-pro-max,iphone-14-pro-max_spaceblack_view2.jpg
iPhone_14,iphone-14-pro-max,iphone-14-pro-max_spaceblack_view3.jpg
iPhone_14,iphone-14-pro,iphone-14-pro_deeppurple_view1.jpg
iPhone_14,iphone-14-pro,iphone-14-pro_deeppurple_view2.jpg
iPhone_14,iphone-14-pro,iphone-14-pro_deeppurple_view3.jpg
iPhone_14,iphone-14-pro,iphone-14-pro_gold_view1.jpg
iPhone_14,iphone-14-pro,iphone-14-pro_gold_view2.jpg
iPhone_14,iphone-14-pro,iphone-14-pro_gold_view3.jpg
iPhone_14,iphone-14-pro,iphone-14-pro_silver_view1.jpg
iPhone_14,iphone-14-pro,iphone-14-pro_silver_view2.jpg
iPhone_14,iphone-14-pro,iphone-14-pro_silver_view3.jpg
iPhone_14,iphone-14-pro,iphone-14-pro_spaceblack_view1.jpg
iPhone_14,iphone-14-pro,iphone-14-pro_spaceblack_view2.jpg
iPhone_14,iphone-14-pro,iphone-14-pro_spaceblack_view3.jpg
iPhone_14,iphone-14,iphone-14_blue_view1.jpg
iPhone_14,iphone-14,iphone-14_blue_view2.jpg
iPhone_14,iphone-14,iphone-14_blue_view3.jpg
iPhone_14,iphone-14,iphone-14_midnight_view1.jpg
iPhone_14,iphone-14,iphone-14_midnight_view2.jpg
iPhone_14,iphone-14,iphone-14_midnight_view3.jpg
iPhone_14,iphone-14,iphone-14_purple_view1.jpg
iPhone_14,iphone-14,iphone-14_purple_view2.jpg
iPhone_14,iphone-14,iphone-14_purple_view3.jpg
iPhone_14,iphone-14,iphone-14_red_view1.jpg
iPhone_14,iphone-14,iphone-14_red_view2.jpg
iPhone_14,iphone-14,iphone-14_red_view3.jpg
iPhone_14,iphone-14,iphone-14_starlight_view1.jpg
iPhone_14,iphone-14,iphone-14_starlight_view2.jpg
iPhone_14,iphone-14,iphone-14_starlight_view3.jpg
iPhone_14,iphone-14,iphone-14_yellow_view1.jpg
iPhone_14,iphone-14,iphone-14_yellow_view2.jpg
iPhone_14,iphone-14,iphone-14_yellow_view3.jpg
iPhone_15,iphone-15-plus,iphone-15-plus_black_view1.jpg
iPhone_15,iphone-15-plus,iphone-15-plus_black_view2.jpg
iPhone_15,iphone-15-plus,iphone-15-plus_black_view3.jpg
iPhone_15,iphone-15-plus,iphone-15-plus_blue_view1.jpg
iPhone_15,iphone-15-plus,iphone-15-plus_blue_view2.jpg
iPhone_15,iphone-15-plus,iphone-15-plus_blue_view3.jpg
iPhone_15,iphone-15-plus,iphone-15-plus_green_view1.jpg
iPhone_15,iphone-15-plus,iphone-15-plus_green_view2.jpg
iPhone_15,iphone-15-plus,iphone-15-plus_green_view3.jpg
iPhone_15,iphone-15-plus,iphone-15-plus_pink_view1.jpg
iPhone_15,iphone-15-plus,iphone-15-plus_pink_view2.jpg
iPhone_15,iphone-15-plus,iphone-15-plus_pink_view3.jpg
iPhone_15,iphone-15-plus,iphone-15-plus_yellow_view1.jpg
iPhone_15,iphone-15-plus,iphone-15-plus_yellow_view2.jpg
iPhone_15,iphone-15-plus,iphone-15-plus_yellow_view3.jpg
iPhone_15,iphone-15-pro-max,iphone-15-pro-max_blacktitanium_view1.jpg
iPhone_15,iphone-15-pro-max,iphone-15-pro-max_blacktitanium_view2.jpg
iPhone_15,iphone-15-pro-max,iphone-15-pro-max_blacktitanium_view3.jpg
iPhone_15,iphone-15-pro-max,iphone-15-pro-max_bluetitanium_view1.jpg
iPhone_15,iphone-15-pro-max,iphone-15-pro-max_bluetitanium_view2.jpg
iPhone_15,iphone-15-pro-max,iphone-15-pro-max_bluetitanium_view3.jpg
iPhone_15,iphone-15-pro-max,iphone-15-pro-max_naturaltitanium_view1.jpg
iPhone_15,iphone-15-pro-max,iphone-15-pro-max_naturaltitanium_view2.jpg
iPhone_15,iphone-15-pro-max,iphone-15-pro-max_naturaltitanium_view3.jpg
iPhone_15,iphone-15-pro-max,iphone-15-pro-max_whitetitanium_view1.jpg
iPhone_15,iphone-15-pro-max,iphone-15-pro-max_whitetitanium_view2.jpg
iPhone_15,iphone-15-pro-max,iphone-15-pro-max_whitetitanium_view3.jpg
iPhone_15,iphone-15-pro,iphone-15-pro_blacktitanium_view1.jpg
iPhone_15,iphone-15-pro,iphone-15-pro_blacktitanium_view2.jpg
iPhone_15,iphone-15-pro,iphone-15-pro_blacktitanium_view3.jpg
iPhone_15,iphone-15-pro,iphone-15-pro_bluetitanium_view1.jpg
iPhone_15,iphone-15-pro,iphone-15-pro_bluetitanium_view2.jpg
iPhone_15,iphone-15-pro,iphone-15-pro_bluetitanium_view3.jpg
iPhone_15,iphone-15-pro,iphone-15-pro_naturaltitanium_view1.jpg
iPhone_15,iphone-15-pro,iphone-15-pro_naturaltitanium_view2.jpg
iPhone_15,iphone-15-pro,iphone-15-pro_naturaltitanium_view3.jpg
iPhone_15,iphone-15-pro,iphone-15-pro_whitetitanium_view1.jpg
iPhone_15,iphone-15-pro,iphone-15-pro_whitetitanium_view2.jpg
iPhone_15,iphone-15-pro,iphone-15-pro_whitetitanium_view3.jpg
iPhone_15,iphone-15,iphone-15_black_view1.jpg
iPhone_15,iphone-15,iphone-15_black_view2.jpg
iPhone_15,iphone-15,iphone-15_black_view3.jpg
iPhone_15,iphone-15,iphone-15_blue_view1.jpg
iPhone_15,iphone-15,iphone-15_blue_view2.jpg
iPhone_15,iphone-15,iphone-15_blue_view3.jpg
iPhone_15,iphone-15,iphone-15_green_view1.jpg
iPhone_15,iphone-15,iphone-15_green_view2.jpg
iPhone_15,iphone-15,iphone-15_green_view3.jpg
iPhone_15,iphone-15,iphone-15_pink_view1.jpg
iPhone_15,iphone-15,iphone-15_pink_view2.jpg
iPhone_15,iphone-15,iphone-15_pink_view3.jpg
iPhone_15,iphone-15,iphone-15_yellow_view1.jpg
iPhone_15,iphone-15,iphone-15_yellow_view2.jpg
iPhone_15,iphone-15,iphone-15_yellow_view3.jpg
iPhone_16,iphone-16-plus,iphone-16-plus_black_view1.jpg
iPhone_16,iphone-16-plus,iphone-16-plus_black_view2.jpg
iPhone_16,iphone-16-plus,iphone-16-plus_black_view3.jpg
iPhone_16,iphone-16-plus,iphone-16-plus_pink_view1.jpg
iPhone_16,iphone-16-plus,iphone-16-plus_pink_view2.jpg
iPhone_16,iphone-16-plus,iphone-16-plus_pink_view3.jpg
iPhone_16,iphone-16-plus,iphone-16-plus_teal_view1.jpg
iPhone_16,iphone-16-plus,iphone-16-plus_teal_view2.jpg
iPhone_16,iphone-16-plus,iphone-16-plus_teal_view3.jpg
iPhone_16,iphone-16-plus,iphone-16-plus_ultramarine_view1.jpg
iPhone_16,iphone-16-plus,iphone-16-plus_ultramarine_view2.jpg
iPhone_16,iphone-16-plus,iphone-16-plus_ultramarine_view3.jpg
iPhone_16,iphone-16-plus,iphone-16-plus_white_view1.jpg
iPhone_16,iphone-16-plus,iphone-16-plus_white_view2.jpg
iPhone_16,iphone-16-plus,iphone-16-plus_white_view3.jpg
iPhone_16,iphone-16-pro-max,iphone-16-pro-max_blacktitanium_view1.jpg
iPhone_16,iphone-16-pro-max,iphone-16-pro-max_blacktitanium_view2.jpg
iPhone_16,iphone-16-pro-max,iphone-16-pro-max_blacktitanium_view3.jpg
iPhone_16,iphone-16-pro-max,iphone-16-pro-max_deserttitanium_view1.jpg
iPhone_16,iphone-16-pro-max,iphone-16-pro-max_deserttitanium_view2.jpg
iPhone_16,iphone-16-pro-max,iphone-16-pro-max_deserttitanium_view3.jpg
iPhone_16,iphone-16-pro-max,iphone-16-pro-max_naturaltitanium_view1.jpg
iPhone_16,iphone-16-pro-max,iphone-16-pro-max_naturaltitanium_view2.jpg
iPhone_16,iphone-16-pro-max,iphone-16-pro-max_naturaltitanium_view3.jpg
iPhone_16,iphone-16-pro-max,iphone-16-pro-max_whitetitanium_view1.jpg
iPhone_16,iphone-16-pro-max,iphone-16-pro-max_whitetitanium_view2.jpg
iPhone_16,iphone-16-pro-max,iphone-16-pro-max_whitetitanium_view3.jpg
iPhone_16,iphone-16-pro,iphone-16-pro_blacktitanium_view1.jpg
iPhone_16,iphone-16-pro,iphone-16-pro_blacktitanium_view2.jpg
iPhone_16,iphone-16-pro,iphone-16-pro_blacktitanium_view3.jpg
iPhone_16,iphone-16-pro,iphone-16-pro_deserttitanium_view1.jpg
iPhone_16,iphone-16-pro,iphone-16-pro_deserttitanium_view2.jpg
iPhone_16,iphone-16-pro,iphone-16-pro_deserttitanium_view3.jpg
iPhone_16,iphone-16-pro,iphone-16-pro_naturaltitanium_view1.jpg
iPhone_16,iphone-16-pro,iphone-16-pro_naturaltitanium_view2.jpg
iPhone_16,iphone-16-pro,iphone-16-pro_naturaltitanium_view3.jpg
iPhone_16,iphone-16-pro,iphone-16-pro_whitetitanium_view1.jpg
iPhone_16,iphone-16-pro,iphone-16-pro_whitetitanium_view2.jpg
iPhone_16,iphone-16-pro,iphone-16-pro_whitetitanium_view3.jpg
iPhone_16,iphone-16,iphone-16_black_view1.jpg
iPhone_16,iphone-16,iphone-16_black_view2.jpg
iPhone_16,iphone-16,iphone-16_black_view3.jpg
iPhone_16,iphone-16,iphone-16_pink_view1.jpg
iPhone_16,iphone-16,iphone-16_pink_view2.jpg
iPhone_16,iphone-16,iphone-16_pink_view3.jpg
iPhone_16,iphone-16,iphone-16_teal_view1.jpg
iPhone_16,iphone-16,iphone-16_teal_view2.jpg
iPhone_16,iphone-16,iphone-16_teal_view3.jpg
iPhone_16,iphone-16,iphone-16_ultramarine_view1.jpg
iPhone_16,iphone-16,iphone-16_ultramarine_view2.jpg
iPhone_16,iphone-16,iphone-16_ultramarine_view3.jpg
iPhone_16,iphone-16,iphone-16_white_view1.jpg
iPhone_16,iphone-16,iphone-16_white_view2.jpg
iPhone_16,iphone-16,iphone-16_white_view3.jpg
